Day,Month,Year
13,4,2021
14,4,2021
15,4,2021
16,4,2021
17,4,2021
18,4,2021
19,4,2021
20,4,2021
21,4,2021
22,4,2021
23,4,2021
24,4,2021
25,4,2021
26,4,2021
27,4,2021
28,4,2021
29,4,2021
30,4,2021
1,5,2021
2,5,2021
3,5,2021
4,5,2021
5,5,2021
6,5,2021
7,5,2021
8,5,2021
9,5,2021
10,5,2021
11,5,2021
12,5,2021
24,4,2020
25,4,2020
26,4,2020
27,4,2020
28,4,2020
29,4,2020
30,4,2020
1,5,2020
2,5,2020
3,5,2020
4,5,2020
5,5,2020
6,5,2020
7,5,2020
8,5,2020
9,5,2020
10,5,2020
11,5,2020
12,5,2020
13,5,2020
14,5,2020
15,5,2020
16,5,2020
17,5,2020
18,5,2020
19,5,2020
20,5,2020
21,5,2020
22,5,2020
23,5,2020
5,5,2019
6,5,2019
7,5,2019
8,5,2019
9,5,2019
10,5,2019
11,5,2019
12,5,2019
13,5,2019
14,5,2019
15,5,2019
16,5,2019
17,5,2019
18,5,2019
19,5,2019
20,5,2019
21,5,2019
22,5,2019
23,5,2019
24,5,2019
25,5,2019
26,5,2019
27,5,2019
28,5,2019
29,5,2019
30,5,2019
31,5,2019
1,6,2019
2,6,2019
3,6,2019
4,6,2019